-- Library Manager database drill --insert values exercise

INSERT INTO Book
VALUES (001, 'The Lost Tribe', 'The Publishing People'),
	(002, 'The Tribe We Found', 'The Publishers Publishers'),
	(003, 'A Movable Feast', 'Other People Publishing'),
	(004, 'All Quiet on the Western Front', 'The Publishing People'),
	(005, 'As I Lay Dying', 'Another Publishing Group'),
	(006, 'A Time to Kill', 'The Publishers Publishers'),
	(007, 'East of Eden', 'Other People Publishing'),
	(008, 'The Big Book of Books', 'Another Publishing Group'),
	(009, 'A Farewell to Arms', 'Other People Publishing'),
	(010, 'The Grapes of Wrath', 'Other People Publishing'),
	(011, 'A Passage to India', 'The Publishers Publishers'),
	(012, 'Mother Night', 'Another Publishing Group'),
	(013, 'It', 'Other People Publishing'),
	(014, 'The Waste Land','Other People Publishing'),
	(015, 'Collecting Buttons for Fun and Profit!', 'The Publishing People'),
	(016, 'The Joy of Accounting', 'Another Publishing Group'),
	(017, 'The Shining', 'Other People Publishing'),
	(018, 'The Wealth of Nations', 'The Publishers Publishers'),
	(019, 'The Sun Also Rises', 'Other People Publishing'),
	(020, 'The Setting Sun', 'Publishers and More')

INSERT INTO Book_Authors
VALUES (001, 'Author B. Writer'),
	(002, 'Ryder Stories'),
	(003, 'Earnest Hemingway'),
	(004, 'Erich Maria Remarque'),
	(005, 'William Faulkner'),
	(006, 'John Grisham'),
	(007, 'John Steinbeck'),
	(008, 'Booker Ryder'),
	(009, 'Earnest Hemingway'),
	(010, 'John Steinbeck'),
	(011, 'E.M.Forster'),
	(012, 'Kurt Vonnegut'),
	(013, 'Stephen King'),
	(014, 'T.S. Elliot'),
	(015, 'Author B. Writer'),
	(016, 'Herbert Neninger'),
	(017, 'Stephen King'),
	(018, 'Adam Smith'),
	(019, 'Earnest Hemingway'),
	(020, 'Ed Hemingway')

INSERT INTO Library_Branch
VALUES (001, 'Sharpstown', '1234 Sharpstown Way'),
	(002, 'Central', '5678 Centralia St'),
	(003, 'Portland', '9876 Main St'),
	(004, 'West Sharpstown', '4321 Sharpstown Way'),
	(005, 'San Jose', '111 Fake St')

INSERT INTO Publisher
VALUES ('The Publishing People', '1234 Some St, New York, NY', '555-123-4567'),
	('The Publishers Publishers', '5678 Another Dr, Boston, MA', '555-456-7890'),
	('Other People Publishing', '9876 Canyon Dr, Los Angeles, CA', '888-123-4567'),
	('Another Publishing Group', '4321 More St, New York, NY', '888-456-7890'),
	('Publishers and More', '1111 Nowhere Way, Omaha, NB', '123-456-7890')

INSERT INTO Book_Copies
VALUES (001, 001, 4),
	(001, 002, 2 ),
	(001, 003, 3 ),
	(002, 004, 4 ),
	(002, 005, 7),
	(002, 001, 8),
	(003, 003, 4),
	(003, 002, 2),
	(004, 005, 7),
	(004, 001, 2),
	(004, 002, 6),
	(005, 003, 5),
	(005, 004, 2),
	(005, 005, 3),
	(006, 001, 5),
	(006, 002, 3),
	(006, 003, 4),
	(007, 004, 3),
	(007, 005, 2),
	(007, 001, 6),
	(008, 002, 4),
	(008, 003, 3),
	(008, 004, 3),
	(009, 005, 2),
	(009, 001, 4),
	(009, 002, 3),
	(010, 003, 4),
	(010, 004, 2),
	(010, 005, 5),
	(011, 001, 3),
	(011, 002, 5),
	(012, 003, 3),
	(012, 004, 2),
	(013, 005, 2),
	(013, 001, 2),
	(014, 002, 4),
	(014, 003, 6),
	(015, 004, 3),
	(015, 005, 6),
	(016, 001, 7),
	(016, 002, 4),
	(017, 003, 3),
	(017, 002, 7),
	(018, 005, 2),
	(018, 001, 3),
	(018, 002, 2),
	(019, 003, 2),
	(019, 004, 4),
	(020, 005, 4),
	(020, 001, 3)

INSERT INTO Borrower
VALUES (26787894, 'Frank Borrower', '1234 Any St.', '555-123-456' ),
		(26787895, 'John Doe', '8944 Another Way', '555-789-1012' ),
		(26787896, 'Jane Doe', '93473 Random Rd.', '555-987-6543' ),
		(26787897, 'Joe Blow', '98937 Nowhere Pl.', '888-210-9876' ),
		(26787898, 'Jack Bean', '9736 Place Rd.', '888-543-2109' ),
		(26787899, 'Bo Peep', '15378 Out There Hwy.', '888-876-5432' ),
		(26787900, 'Moe Peoples', '7463 Main St.', '800-123-4567' ),
		(26787901, 'Guy Gyerson', '7582 Stark St.', '800-890-1234' ),
		(26787902, 'Daniel Wallace', '2857 Krats St.', '800-867-5309' )

INSERT INTO Book_Loans
VALUES (001, 003, 26787894, '11/31/2016', '12/20/2016'),
		(002, 001, 26787895, '12/06/2016', '12/27/2016'),
		(003, 004, 26787894, '11/24/2016', '12/13/2016'),
		(004, 002, 26787901, '11/31/2016', '12/20/2016'),
		(005, 002, 26787896, '12/06/2016', '12/27/2016'),
		(006, 001, 26787894, '11/31/2016', '12/20/2016'),
		(007, 003, 26787899, '11/31/2016', '12/20/2016'),
		(008, 001, 26787896, '11/24/2016', '12/13/2016'),
		(009, 002, 26787900, '11/31/2016', '12/20/2016'),
		(010, 005, 26787894, '12/06/2016', '12/27/2016'),
		(011, 004, 26787899, '12/09/2016', '12/30/2016'),
		(012, 002, 26787901, '11/24/2016', '12/13/2016'),
		(013, 001, 26787895, '12/06/2016', '12/27/2016'),
		(014, 001, 26787894, '11/31/2016', '12/20/2016'),
		(015, 004, 26787900, '12/06/2016', '12/27/2016'),
		(016, 005, 26787896, '11/24/2016', '12/13/2016'),
		(017, 001, 26787896, '11/31/2016', '12/20/2016'),
		(018, 003, 26787897, '11/31/2016', '12/20/2016'),
		(019, 004, 26787899, '11/24/2016', '12/13/2016'),
		(020, 004, 26787896, '11/31/2016', '12/20/2016'),
		(001, 003, 26787901, '11/31/2016', '12/20/2016'),
		(002, 001, 26787894, '11/24/2016', '12/13/2016'),
		(003, 005, 26787894, '12/06/2016', '12/27/2016'),
		(004, 005, 26787897, '11/31/2016', '12/20/2016'),
		(005, 004, 26787897, '11/24/2016', '12/13/2016'),
		(006, 003, 26787900, '12/09/2016', '12/30/2016'),
		(007, 003, 26787900, '12/09/2016', '12/30/2016'),
		(008, 001, 26787901, '11/31/2016', '12/20/2016'),
		(009, 001, 26787901, '11/31/2016', '12/20/2016'),
		(010, 002, 26787898, '11/24/2016', '12/13/2016'),
		(011, 002, 26787897, '11/31/2016', '12/20/2016'),
		(012, 005, 26787897, '12/06/2016', '12/27/2016'),
		(013, 005, 26787899, '11/31/2016', '12/20/2016'),
		(014, 002, 26787897, '12/09/2016', '12/30/2016'),
		(015, 002, 26787898, '11/31/2016', '12/20/2016'),
		(016, 003, 26787900, '12/09/2016', '12/30/2016'),
		(017, 004, 26787897, '12/06/2016', '12/27/2016'),
		(018, 001, 26787898, '11/24/2016', '12/13/2016'),
		(019, 001, 26787897, '11/31/2016', '12/20/2016'),
		(020, 002, 26787899, '12/06/2016', '12/27/2016'),
		(011, 002, 26787896, '12/09/2016', '12/30/2016'),
		(012, 004, 26787895, '11/31/2016', '12/20/2016'),
		(013, 004, 26787900, '12/09/2016', '12/30/2016'),
		(014, 005, 26787899, '11/31/2016', '12/20/2016'),
		(015, 004, 26787897, '11/24/2016', '12/13/2016'),
		(016, 004, 26787896, '11/31/2016', '12/20/2016'),
		(017, 002, 26787895, '12/09/2016', '12/30/2016'),
		(018, 001, 26787895, '11/24/2016', '12/13/2016'),
		(019, 001, 26787894, '12/06/2016', '12/27/2016'),
		(020, 004, 26787894, '11/31/2016', '12/20/2016')

SELECT * FROM Book
SELECT * FROM Book_Authors
SELECT * FROM Publisher
SELECT * FROM Book_Copies
SELECT * FROM Book_Loans
SELECT * FROM Library_Branch
SELECT * FROM Borrower